<?xml version="1.0" encoding="UTF-8"?>

<!-- The defult configuration file name is "log4j2.xml". If the file name 
	is changed to custom name, it can be set as JVM parameter or system property. 
	For example, -Dlog4j.configurationFile=.\log4j2-custom.xml -->

<!-- Set the following system property to make all loggers in the application as asynchronous loggers.
	-Dlog4j2.contextSelector=org.apache.logging.log4j.core.async.AsyncLoggerContextSelector -->
<!-- Enabling 'locationInfo' in any layout slows down asynchronous/synchronous logging by about 30-100 times. Hence use 'locationInfo=false' -->

<Configuration name="AppLogConfiguration" dest="err" status="warn" monitorInterval="3600">
	<!-- monitorInterval="3600" : so that file can be loaded at an interval of 3600 seconds -->

	<Properties>
		<Property name="applicationCode" value="microservices" />
		<Property name="baseFileName" value="org-service" />
		<Property name="baseDir" value="./logs" />
		<Property name="host">${env:HOSTNAME}</Property>
	</Properties>

	<!-- ThresholdFilter level="debug"/ -->

	<Appenders>
		<!-- <xi:include href="log4j-xinclude-framework-appenders.xml" /> -->

		<!-- Logging to console (Console Appender) is the least preferred option in Production -->
		<Console name="ConsoleAppender" target="SYSTEM_OUT">
			<PatternLayout pattern="%d{yyyyMMdd HH:mm:ss.SSS} [%t] %-5level %logger{36} - %m%n" />
		</Console>

		<!-- Async Loggers will auto-flush in batches, so switch off immediateFlush. -->
		
		<RollingFile name="RootJsonFileAppender" 
			fileName="${baseDir}/${applicationCode}-${baseFileName}-external-${host}.log" 
			filePattern="${baseDir}/${applicationCode}-${baseFileName}-%d{yyyyMMdd-HH:mm}-%i-${host}.log.gz">

			<JsonLayout objectMessageAsJsonObject="true" stacktraceAsString="true" complete="false" compact="true" properties="true" locationInfo="false"  eventEol="true">
				<KeyValuePair key="timestamp" value="$${date:yyyy-MM-dd'T'HH:mm:ss.SSS'Z'}"/>
				<KeyValuePair key="correlationId" value="$${ctx:correlationId}"/>
			</JsonLayout>


			<Policies>
				<OnStartupTriggeringPolicy />
				<SizeBasedTriggeringPolicy size="10 MB" />
			</Policies>
		</RollingFile>

	</Appenders>

	<Loggers>
		<!-- <xi:include href="log4j-xinclude-framework-loggers.xml" /> -->

		<!-- The below logger (root logger) is used where there is no specific logger configured; level = warn / error -->
		<Root level="ERROR">
			<AppenderRef ref="RootJsonFileAppender" />
			<AppenderRef ref="ConsoleAppender" />
		</Root>
		<Logger name="com.akila" level="INFO" additivity="false">
			<AppenderRef ref="RootJsonFileAppender" />
			<AppenderRef ref="ConsoleAppender" />
		</Logger>
		
		
	</Loggers>
</Configuration>
