<?xml version="1.0" encoding="UTF-8"?>
<Configuration status="WARN" monitorInterval="30">
    <Properties>
        <Property name="LOG_PATTERN">
            %d{yyyy-MM-dd HH:mm:ss.SSS} [%5p] ${hostName} [%t] %c{-1} : %m%n%ex
        </Property>
        <Property name="host">${env:HOSTNAME}</Property>
    </Properties>
    <Appenders>
        <Console name="ConsoleAppender" target="SYSTEM_OUT" follow="true">
            <PatternLayout pattern="${LOG_PATTERN}"/>
        </Console>
        <RollingFile name="batchjobAppender" fileName="logs/akila-batchjob-external-${host}.log" 
             filePattern="logs/akila-batchjob-%d{yyyy-MM-dd}-%i-${host}.log">
		    <PatternLayout>
		        <Pattern>${LOG_PATTERN}</Pattern>
		    </PatternLayout>
		    <Policies>
		        <SizeBasedTriggeringPolicy size="5MB" />
		    </Policies>
		    <DefaultRolloverStrategy max="10"/>
		</RollingFile>
		
    </Appenders>
    <Loggers>
       
         <Logger name="com.akila.batchjobservices" level="debug" additivity="false">
            <AppenderRef ref="batchjobAppender" />
        </Logger>
        <Root level="info">
            <AppenderRef ref="batchjobAppender" />
        </Root>
    </Loggers>
</Configuration>
